,Linear Regression,Ridge Regression,Lasso Regression,KNN,RandomForest Regressor,Bagging Regressor,AdaBoost Regressor,XGBoost Regressor
MSLE,0.0027933355283654795,0.0027933297973193496,0.0027933033789061213,0.0015630741474392097,0.0008560525651302193,0.001570992213955056,0.0009096280175262506,0.0007347637173563671
Root MSLE,0.05285201536711234,0.05285196114922652,0.052851711220225604,0.039535732539554766,0.02925837598244679,0.039635744145342544,0.03016004007832633,0.027106525364870487
R2 Score,0.6233821607880337,0.6233828866566002,0.6233892244987204,0.7971499679806296,0.8928021468365606,0.7989741545596318,0.884201828431372,0.9077122907579664
Accuracy(%),62.3382,62.3383,62.3389,79.715,89.2802,79.8974,88.4202,90.7712
